DAuid,DApop_2016,DAtdwell_2016,DAurdwell_2016,DAarea,CSDcode
35060001,496,180,174,6.538,008
35060002,622,227,216,3.8139,008
35060003,900,289,287,2.2872,008
35060005,888,312,304,15.34,008
35060006,1195,507,479,8.2476,008
35060007,871,287,284,33.425,008
35060010,309,103,103,0.0733,008
35060011,592,187,186,0.2081,008
35060012,585,190,189,0.1068,008
35060014,656,351,349,0.2969,008
35060015,522,212,212,0.1897,008
35060016,400,152,150,0.1106,008
35060017,490,189,189,0.149,008
35060018,424,157,157,0.1286,008
35060019,551,201,199,0.1597,008
35060020,466,163,162,0.0906,008
35060021,612,192,189,0.203,008
35060022,578,201,199,0.3066,008
35060023,468,170,170,0.103,008
35060024,277,94,94,0.0685,008
35060025,839,290,289,0.2278,008
35060026,288,88,88,0.0774,008
35060027,777,267,267,0.2164,008
35060028,335,103,103,0.0815,008
35060029,1703,576,576,0.3885,008
35060030,312,110,109,0.049,008
35060031,638,219,217,0.1638,008
35060032,767,290,289,0.098,008
35060033,413,130,130,0.1331,008
35060034,408,134,133,0.0855,008
35060035,437,159,158,0.0879,008
35060036,545,177,177,0.2055,008
35060037,519,175,175,0.1147,008
35060038,410,148,148,0.0847,008
35060039,766,275,266,0.1277,008
35060043,817,278,278,0.7702,008
35060044,387,120,119,0.0868,008
35060045,553,238,238,0.5706,008
35060047,204,74,73,0.1106,008
35060048,337,130,130,0.0991,008
35060049,445,167,166,0.1302,008
35060050,282,109,109,0.0643,008
35060051,694,253,245,0.2464,008
35060052,683,474,438,0.499,008
35060053,742,270,270,0.2155,008
35060054,570,228,225,0.2701,008
35060055,425,179,179,0.1447,008
35060056,315,132,131,0.1043,008
35060057,586,220,219,0.3301,008
35060058,353,137,137,0.0976,008
35060059,491,188,188,0.2167,008
35060061,448,172,171,0.1406,008
35060062,561,214,214,0.1516,008
35060064,410,180,178,0.0645,008
35060065,305,120,119,0.0528,008
35060066,314,98,98,0.0679,008
35060067,268,86,85,0.0556,008
35060069,699,264,263,0.179,008
35060070,669,258,254,0.2027,008
35060071,634,236,231,0.1517,008
35060072,309,113,112,0.0646,008
35060073,328,119,119,0.2079,008
35060074,486,184,183,0.1044,008
35060075,654,263,258,0.1446,008
35060076,401,150,147,0.0635,008
35060078,471,166,164,0.1729,008
35060079,567,176,173,0.0643,008
35060080,425,145,145,0.1355,008
35060081,483,224,223,0.0677,008
35060082,564,259,255,0.1216,008
35060083,1083,426,421,0.1791,008
35060089,527,210,205,59.3573,008
35060090,548,193,192,0.1586,008
35060091,359,120,120,0.1142,008
35060092,592,197,197,0.1301,008
35060093,449,147,147,0.1045,008
35060094,579,209,209,0.2327,008
35060095,631,222,222,0.5197,008
35060096,766,267,267,0.4729,008
35060097,1470,500,494,0.6766,008
35060098,388,131,129,0.1676,008
35060099,360,122,121,0.1147,008
35060100,290,106,103,0.077,008
35060101,363,140,137,0.1173,008
35060102,634,246,244,0.1917,008
35060103,413,143,143,0.0913,008
35060104,603,220,217,0.1384,008
35060105,823,322,319,0.4296,008
35060106,434,163,159,0.1432,008
35060107,1064,458,447,0.3686,008
35060108,465,185,180,0.1595,008
35060109,583,206,206,0.1434,008
35060110,547,198,198,0.3139,008
35060111,762,274,274,0.2583,008
35060112,1518,561,559,0.4732,008
35060116,286,120,118,0.0412,008
35060117,515,181,179,0.1726,008
35060118,444,236,226,0.4024,008
35060119,1164,547,528,0.2291,008
35060120,410,153,152,0.0959,008
35060121,694,281,277,0.1565,008
35060122,536,223,223,0.1728,008
35060123,360,247,242,0.0381,008
35060124,368,136,134,0.4696,008
35060125,420,165,164,0.2214,008
35060126,1285,537,527,0.8249,008
35060127,754,247,240,0.2792,008
35060128,434,125,125,0.1526,008
35060129,1074,379,377,0.5907,008
35060132,949,343,343,0.3469,008
35060133,874,300,299,0.2355,008
35060134,495,159,156,1.6191,008
35060135,630,199,197,2.6706,008
35060137,228,86,85,0.0671,008
35060138,486,191,185,0.1578,008
35060139,377,147,147,0.2115,008
35060140,837,356,348,0.3044,008
35060141,529,192,192,0.1538,008
35060143,476,178,176,0.1711,008
35060144,472,177,174,0.3261,008
35060145,647,246,236,0.9111,008
35060146,535,201,195,0.5696,008
35060147,482,35,32,0.1124,008
35060148,444,190,185,0.2484,008
35060149,968,437,424,0.197,008
35060150,426,268,264,0.0253,008
35060151,641,255,245,0.1458,008
35060152,364,117,112,0.0796,008
35060153,1081,358,351,0.2348,008
35060154,389,158,158,0.0864,008
35060155,594,227,223,0.3286,008
35060156,866,439,431,0.1545,008
35060157,1378,570,568,0.1881,008
35060159,368,135,128,0.0809,008
35060163,690,262,256,0.1649,008
35060164,457,197,189,0.2205,008
35060165,556,229,226,0.769,008
35060166,486,197,195,0.155,008
35060167,1182,439,428,0.3848,008
35060168,694,283,277,0.2856,008
35060170,1088,675,623,0.5559,008
35060171,697,244,239,0.1303,008
35060172,329,112,110,0.0314,008
35060173,402,228,209,0.0272,008
35060178,624,313,297,0.2149,008
35060179,384,143,138,0.054,008
35060180,352,161,152,0.0867,008
35060181,275,113,111,0.0507,008
35060182,527,198,191,0.2283,008
35060183,545,369,363,0.0784,008
35060184,691,330,312,0.2616,008
35060185,439,212,184,0.1049,008
35060186,981,394,377,0.252,008
35060187,421,242,230,0.0935,008
35060188,584,363,351,0.0638,008
35060189,421,240,207,0.0661,008
35060192,415,251,223,0.0727,008
35060194,501,296,260,0.0813,008
35060195,422,259,226,0.0558,008
35060196,359,233,205,0.0701,008
35060197,1298,923,805,0.1415,008
35060198,447,248,231,0.0665,008
35060199,408,257,227,0.0747,008
35060200,393,236,207,0.0705,008
35060201,641,389,337,0.0715,008
35060202,570,356,329,0.0547,008
35060205,506,276,252,0.0889,008
35060206,469,276,230,0.0662,008
35060207,486,243,234,0.1927,008
35060208,527,347,327,0.0786,008
35060209,684,379,370,0.8425,008
35060210,647,260,247,0.1746,008
35060211,472,180,163,0.2208,008
35060213,380,155,150,0.0878,008
35060219,765,411,392,0.092,008
35060220,314,132,119,0.0716,008
35060221,626,284,265,0.4254,008
35060222,456,173,150,0.4607,008
35060223,506,206,162,0.6997,008
35060224,476,185,181,0.9735,008
35060225,498,226,199,0.3837,008
35060226,433,163,156,0.1304,008
35060227,482,192,188,0.1501,008
35060228,470,190,182,0.0848,008
35060229,402,172,170,0.0912,008
35060230,473,252,248,0.0465,008
35060231,639,355,339,0.0897,008
35060232,504,272,261,0.1299,008
35060233,820,561,551,0.1637,008
35060234,1385,829,796,0.0849,008
35060236,948,654,624,0.1135,008
35060237,756,271,263,0.2063,008
35060243,543,260,238,0.3642,008
35060246,688,328,314,0.0491,008
35060249,758,437,366,0.0677,008
35060251,475,307,286,0.0506,008
35060252,604,404,361,0.0591,008
35060253,302,66,57,0.0619,008
35060254,531,403,363,0.2192,008
35060255,522,350,305,0.2419,008
35060264,420,266,191,0.0495,008
35060267,398,236,177,0.1284,008
35060280,513,195,192,0.1702,008
35060282,506,194,189,0.1228,008
35060283,430,157,155,0.079,008
35060285,450,166,163,0.0675,008
35060286,657,301,289,0.1711,008
35060287,482,221,197,0.0819,008
35060288,491,211,202,0.0793,008
35060289,635,244,206,0.1303,008
35060290,467,201,176,0.0582,008
35060291,601,206,204,0.0795,008
35060292,564,236,214,0.3599,008
35060293,693,321,277,0.1121,008
35060294,591,235,223,0.1189,008
35060295,447,196,180,0.1634,008
35060296,442,184,165,0.069,008
35060297,523,336,289,0.0532,008
35060298,464,176,166,0.0774,008
35060300,524,218,193,0.0983,008
35060301,474,216,202,0.0697,008
35060305,683,433,351,0.3209,008
35060306,604,319,283,0.0834,008
35060307,630,406,381,0.0564,008
35060308,377,173,167,0.0893,008
35060310,561,245,233,0.0809,008
35060312,570,223,204,0.1401,008
35060313,525,316,286,0.1121,008
35060314,541,327,287,0.067,008
35060315,430,294,259,0.0543,008
35060324,518,305,279,0.0658,008
35060325,476,380,358,0.0219,008
35060327,598,233,221,0.1358,008
35060329,593,348,325,0.0873,008
35060330,606,385,354,0.0468,008
35060331,479,383,341,0.0218,008
35060332,362,272,250,0.0237,008
35060333,540,670,398,0.0549,008
35060334,968,809,710,0.0455,008
35060336,521,408,369,0.0156,008
35060337,616,522,484,0.0284,008
35060338,687,710,450,0.4267,008
35060339,617,467,400,0.0611,008
35060343,599,469,447,0.0332,008
35060345,585,291,253,0.0508,008
35060346,416,280,244,0.0631,008
35060347,376,241,196,0.0486,008
35060348,354,223,186,0.047,008
35060353,532,257,247,0.0474,008
35060354,505,292,282,0.158,008
35060360,256,351,168,0.0106,008
35060361,644,402,360,0.0351,008
35060364,418,308,267,0.02,008
35060366,631,251,231,0.1465,008
35060367,570,340,288,0.0766,008
35060368,538,296,269,0.0927,008
35060371,462,223,214,0.1041,008
35060373,485,194,187,0.1526,008
35060375,404,210,195,0.099,008
35060379,555,220,215,0.1587,008
35060380,578,265,258,0.0798,008
35060381,636,291,252,0.1159,008
35060382,511,343,328,0.0494,008
35060383,717,535,507,0.1218,008
35060384,509,294,271,0.0725,008
35060385,556,406,361,0.0334,008
35060386,473,280,263,0.0546,008
35060387,396,225,210,0.0303,008
35060388,296,200,197,0.0156,008
35060389,434,362,328,0.4749,008
35060390,510,301,275,0.0776,008
35060391,577,383,361,0.0657,008
35060392,606,350,332,0.0946,008
35060393,741,411,378,0.0874,008
35060394,414,271,246,0.0265,008
35060395,526,305,293,0.143,008
35060396,588,277,266,0.0974,008
35060397,469,253,239,0.079,008
35060399,620,478,401,0.8394,008
35060400,313,132,120,0.0538,008
35060401,650,476,461,0.0088,008
35060402,576,430,382,0.0334,008
35060403,653,459,404,0.0112,008
35060404,597,413,382,0.0109,008
35060405,727,595,439,0.0763,008
35060406,805,613,561,0.0135,008
35060407,801,702,503,0.075,008
35060408,757,629,498,0.6908,008
35060412,642,284,280,0.1405,008
35060413,683,266,263,0.1817,008
35060417,865,567,542,0.1059,008
35060419,267,113,108,0.1241,008
35060434,419,141,140,0.1274,008
35060435,513,172,169,0.1444,008
35060436,419,145,145,0.1704,008
35060437,476,155,155,0.1201,008
35060438,699,256,247,0.2833,008
35060439,498,187,184,0.1448,008
35060440,448,181,179,0.1138,008
35060443,379,151,147,0.1557,008
35060444,436,190,185,0.158,008
35060445,495,187,187,0.1425,008
35060446,498,181,180,0.2207,008
35060447,561,210,208,0.3139,008
35060448,610,246,239,0.4043,008
35060449,487,199,198,0.1691,008
35060450,478,197,194,0.1864,008
35060451,375,159,155,0.1183,008
35060452,542,223,211,0.1539,008
35060455,430,176,168,0.2649,008
35060456,368,140,136,0.1664,008
35060457,389,154,145,0.1656,008
35060458,437,159,156,0.2943,008
35060459,421,169,160,0.1962,008
35060460,643,242,236,0.3412,008
35060461,398,182,164,0.1964,008
35060462,515,208,196,0.1951,008
35060463,407,169,163,0.1379,008
35060464,563,209,201,0.2493,008
35060465,371,164,150,0.1653,008
35060466,334,137,130,0.1268,008
35060467,751,230,222,0.4114,008
35060468,756,306,267,0.5565,008
35060469,835,527,404,0.0538,008
35060471,631,258,255,0.1833,008
35060474,524,219,211,0.171,008
35060475,429,180,174,0.318,008
35060476,587,332,300,0.1688,008
35060479,738,268,264,0.1501,008
35060480,627,161,143,0.4741,008
35060481,665,260,257,0.2128,008
35060482,494,218,216,0.1668,008
35060483,239,166,151,0.0097,008
35060484,512,283,245,0.1147,008
35060485,250,85,82,0.061,008
35060486,1507,647,620,0.3594,008
35060488,1340,383,374,0.8222,008
35060491,346,123,118,0.0709,008
35060492,507,176,175,0.1177,008
35060493,729,234,232,0.2159,008
35060494,360,133,130,0.0693,008
35060495,1213,470,457,0.362,008
35060496,905,307,306,0.2366,008
35060497,508,194,193,0.2221,008
35060498,419,177,176,0.1929,008
35060499,566,214,212,0.8455,008
35060500,417,177,170,0.2307,008
35060501,345,138,129,0.0736,008
35060502,458,194,161,0.1253,008
35060503,652,199,198,0.1063,008
35060504,332,113,111,0.067,008
35060505,616,224,214,0.0876,008
35060506,457,162,160,0.1088,008
35060507,376,149,142,0.0822,008
35060508,382,148,145,0.0967,008
35060509,507,212,207,0.1326,008
35060510,702,356,349,0.1653,008
35060511,1127,433,413,0.4255,008
35060512,491,185,178,0.6008,008
35060513,647,257,251,0.3312,008
35060514,689,462,439,0.1692,008
35060515,1093,694,659,0.3474,008
35060516,263,92,89,0.1292,008
35060517,381,139,138,0.1455,008
35060518,450,229,223,0.1557,008
35060519,375,127,127,0.0658,008
35060520,384,139,139,0.2067,008
35060521,679,258,247,0.258,008
35060522,545,213,204,0.327,008
35060523,621,301,289,0.1704,008
35060524,578,262,250,0.0569,008
35060525,894,461,428,0.0722,008
35060526,1105,520,458,0.1945,008
35060527,326,140,131,0.133,008
35060529,378,155,150,0.1773,008
35060530,530,227,215,0.2249,008
35060531,1497,774,744,1.1428,008
35060533,713,275,257,0.2591,008
35060534,356,198,165,0.1369,008
35060535,391,197,174,0.0745,008
35060538,320,136,104,0.0385,008
35060539,1239,703,569,0.1347,008
35060544,710,307,293,0.2417,008
35060547,429,165,164,0.3947,008
35060551,386,155,150,0.6882,008
35060553,259,90,90,0.079,008
35060554,340,160,160,0.1972,008
35060555,360,139,138,0.1005,008
35060556,1242,480,467,0.1588,008
35060557,963,402,383,0.1271,008
35060558,1073,424,400,0.181,008
35060559,606,238,223,0.0335,008
35060560,680,258,255,0.1486,008
35060561,473,190,183,0.128,008
35060562,777,414,301,0.6782,008
35060563,241,165,106,0.0799,008
35060564,184,107,80,0.0619,008
35060565,278,125,106,0.1646,008
35060567,234,80,77,0.0794,008
35060568,467,205,196,0.0963,008
35060569,988,390,381,0.5455,008
35060573,1392,670,595,4.934,008
35060574,408,147,142,0.233,008
35060575,623,216,214,0.373,008
35060576,470,164,163,0.3268,008
35060577,278,132,126,1.319,008
35060578,357,135,132,1.5226,008
35060579,422,149,145,2.3487,008
35060580,696,290,287,0.5386,008
35060582,602,241,240,0.2205,008
35060585,319,131,131,0.0981,008
35060588,738,373,363,0.0779,008
35060590,507,212,210,0.1006,008
35060592,913,551,541,0.0475,008
35060593,523,218,202,0.0656,008
35060594,543,226,221,0.3004,008
35060595,833,340,328,0.4399,008
35060597,618,313,281,0.1114,008
35060598,646,248,247,0.2493,008
35060599,518,188,185,0.2422,008
35060600,608,219,215,0.717,008
35060602,632,272,261,0.1387,008
35060603,585,373,357,0.0778,008
35060604,422,97,97,0.2249,008
35060605,614,250,248,0.9478,008
35060606,517,214,212,0.2552,008
35060607,352,152,152,0.1349,008
35060608,661,225,222,0.2861,008
35060609,614,268,250,0.1503,008
35060610,376,159,154,0.1672,008
35060611,460,179,171,0.1544,008
35060612,492,217,216,0.2476,008
35060613,798,398,364,0.1333,008
35060616,586,263,258,0.1701,008
35060617,583,194,189,0.1567,008
35060618,365,138,138,0.067,008
35060619,821,332,322,0.5708,008
35060620,696,293,286,0.1533,008
35060622,418,248,238,0.7206,008
35060623,858,323,321,2.3335,008
35060624,605,247,245,0.2942,008
35060625,429,151,150,0.0705,008
35060634,648,268,263,0.0643,008
35060638,800,570,502,0.0907,008
35060641,372,148,144,0.0636,008
35060642,830,498,469,0.0753,008
35060643,263,116,107,0.0446,008
35060644,299,153,132,0.0646,008
35060645,1655,1219,1142,0.9414,008
35060646,506,240,226,0.1967,008
35060647,320,132,126,0.4456,008
35060648,399,176,168,0.1501,008
35060649,944,283,264,0.0536,008
35060653,461,178,177,0.182,008
35060654,634,241,239,1.3287,008
35060655,353,146,145,0.1332,008
35060656,668,236,230,0.2866,008
35060657,483,215,205,0.1938,008
35060662,586,182,182,0.1681,008
35060663,2550,845,836,0.9974,008
35060668,432,156,153,17.9127,008
35060669,621,231,229,40.2458,008
35060670,437,162,156,19.5271,008
35060671,417,155,151,34.2972,008
35060672,486,252,220,30.743,008
35060673,661,274,268,72.2811,008
35060678,3053,1057,1048,1.4207,008
35060679,3193,1090,1063,1.867,008
35060680,308,109,109,0.0976,008
35060681,567,285,283,0.3229,008
35060682,455,188,181,0.2837,008
35060684,565,187,186,0.206,008
35060685,619,280,279,0.4552,008
35060686,551,190,190,0.2132,008
35060687,380,133,133,0.1491,008
35060688,831,314,311,0.5716,008
35060689,397,146,144,0.2223,008
35060690,424,130,130,0.1548,008
35060695,349,140,134,0.3432,008
35060696,496,232,231,0.3442,008
35060697,551,206,204,1.0279,008
35060698,621,197,194,0.2419,008
35060700,2304,681,672,5.0231,008
35060701,4368,1634,1578,2.759,008
35060702,415,164,163,0.1085,008
35060703,464,188,188,0.1091,008
35060704,1109,424,419,0.26,008
35060706,535,176,176,0.1926,008
35060707,630,228,228,0.1148,008
35060708,371,149,147,0.3161,008
35060709,356,127,127,0.1069,008
35060710,327,120,120,0.0671,008
35060711,904,321,318,1.3808,008
35060712,587,217,214,0.3778,008
35060713,524,182,181,0.149,008
35060717,1073,402,398,0.4371,008
35060718,430,155,154,0.0977,008
35060719,591,212,212,0.2052,008
35060720,246,99,97,0.0398,008
35060721,684,277,277,0.1946,008
35060722,569,220,219,0.2389,008
35060723,519,213,204,0.2193,008
35060724,439,175,175,0.1592,008
35060725,756,279,275,0.21,008
35060726,341,125,123,0.0562,008
35060728,665,276,270,0.1545,008
35060729,758,190,190,0.1144,008
35060731,329,113,113,0.1194,008
35060734,568,235,231,0.2686,008
35060735,1477,470,469,0.6017,008
35060736,788,293,291,0.4087,008
35060737,699,250,250,0.3146,008
35060738,465,169,168,0.224,008
35060739,468,268,263,0.3835,008
35060740,373,171,171,0.2058,008
35060741,377,136,136,0.2326,008
35060742,685,314,313,0.3302,008
35060743,487,216,209,0.1293,008
35060744,555,216,215,0.2571,008
35060745,464,159,158,0.1697,008
35060746,362,139,137,0.3042,008
35060747,1464,434,432,1.0474,008
35060748,503,198,195,0.2401,008
35060749,419,169,169,0.1157,008
35060750,457,213,202,0.1156,008
35060751,458,185,184,0.2786,008
35060752,402,167,166,0.1623,008
35060753,759,296,294,0.3295,008
35060754,738,297,297,0.2532,008
35060755,547,181,178,0.1203,008
35060758,244,86,86,0.0547,008
35060759,501,176,175,0.1512,008
35060760,525,165,164,0.0878,008
35060761,413,150,149,0.1066,008
35060762,472,206,206,0.1259,008
35060763,336,114,114,0.0943,008
35060764,740,237,237,0.1435,008
35060765,999,331,331,0.2661,008
35060766,487,165,165,0.1233,008
35060767,659,243,242,0.2671,008
35060768,569,194,194,0.1121,008
35060771,1783,572,564,0.5622,008
35060773,817,263,262,0.1662,008
35060774,520,173,173,0.0923,008
35060775,949,301,301,0.2838,008
35060777,380,140,140,0.1178,008
35060778,576,191,190,0.1614,008
35060779,431,142,141,0.095,008
35060780,431,147,145,0.1276,008
35060781,789,278,276,0.27,008
35060782,431,150,149,0.1242,008
35060783,528,189,189,0.1147,008
35060784,387,128,128,0.1447,008
35060785,470,177,175,0.2159,008
35060786,272,97,97,0.201,008
35060787,453,186,180,0.1272,008
35060789,285,105,105,0.0751,008
35060790,319,120,119,0.0535,008
35060792,527,188,188,0.1349,008
35060793,327,128,125,0.0663,008
35060794,430,160,160,0.1173,008
35060795,396,143,142,0.0908,008
35060796,449,160,157,0.109,008
35060797,359,135,132,0.0727,008
35060798,440,143,142,0.0757,008
35060799,509,177,177,0.2415,008
35060800,327,110,109,0.0726,008
35060801,470,167,162,0.0881,008
35060802,330,116,115,0.0556,008
35060815,514,188,182,0.2213,008
35060816,256,90,89,0.0762,008
35060817,513,231,215,0.2081,008
35060818,612,251,247,0.1288,008
35060819,321,117,117,0.0801,008
35060820,397,141,140,0.096,008
35060823,379,154,145,16.4337,008
35060833,454,196,184,11.9916,008
35060834,485,210,197,0.5957,008
35060835,457,155,153,0.4211,008
35060836,434,238,217,0.5225,008
35060837,554,181,177,0.7779,008
35060838,869,283,278,2.7877,008
35060840,717,236,236,0.5478,008
35060841,591,226,226,0.6589,008
35060842,379,149,147,0.3896,008
35060843,1099,421,399,41.9035,008
35060844,555,198,192,4.2958,008
35060845,721,310,305,1.7495,008
35060860,730,248,240,0.8472,008
35060861,483,181,175,0.8243,008
35060862,756,300,290,0.1594,008
35060864,493,174,172,0.1099,008
35060865,1014,371,363,0.1844,008
35060866,1182,423,411,0.2435,008
35060867,483,190,187,0.067,008
35060868,413,170,166,0.402,008
35060869,367,142,138,0.1048,008
35060870,470,160,152,0.1169,008
35060871,328,153,128,0.2463,008
35060872,1140,612,579,0.4906,008
35060874,299,111,111,0.0903,008
35060875,702,288,285,0.1154,008
35060876,753,329,311,0.0888,008
35060877,798,262,251,2.1802,008
35060885,745,334,305,0.3683,008
35060888,432,161,159,0.112,008
35060889,308,111,108,0.076,008
35060890,2287,816,796,0.6597,008
35060891,562,291,253,0.3165,008
35060892,437,157,145,0.0486,008
35060893,1043,356,341,0.2375,008
35060894,1046,477,425,0.304,008
35060895,898,391,361,0.3915,008
35060898,701,339,289,0.0599,008
35060899,2251,992,843,0.1106,008
35060902,370,99,81,0.1826,008
35060903,381,142,134,0.1086,008
35060904,448,169,167,0.1141,008
35060905,609,275,268,0.1107,008
35060906,371,154,150,0.1352,008
35060907,389,150,150,0.1222,008
35060908,366,142,141,0.1291,008
35060909,363,131,130,0.1238,008
35060910,661,284,271,0.2136,008
35060911,1206,751,700,0.4978,008
35060912,431,167,162,0.2271,008
35060913,423,173,171,0.1237,008
35060914,426,183,177,0.1322,008
35060915,509,200,198,0.153,008
35060916,441,190,182,0.1327,008
35060917,397,176,173,0.1508,008
35060918,644,376,344,0.1098,008
35060921,373,132,128,0.1377,008
35060922,1760,943,871,0.1866,008
35060923,348,132,128,0.1917,008
35060924,263,109,102,3.8894,008
35060925,762,187,187,0.068,008
35060926,492,192,187,0.1203,008
35060929,401,141,140,0.1177,008
35060930,461,176,174,0.1535,008
35060931,383,161,159,0.1205,008
35060934,1559,854,801,0.228,008
35060935,511,212,210,0.3238,008
35060936,543,233,225,0.299,008
35060937,506,232,225,0.2616,008
35060938,1912,625,616,4.1304,008
35060939,927,291,290,0.2119,008
35060940,287,98,98,0.0611,008
35060941,641,199,196,0.1808,008
35060942,867,277,271,0.1044,008
35060944,668,232,228,0.2125,008
35060945,450,158,155,0.0957,008
35060953,702,227,226,0.1271,008
35060954,381,115,113,0.056,008
35060955,1485,437,433,0.311,008
35060956,639,205,203,0.0984,008
35060957,1171,608,514,0.3249,008
35060961,805,347,303,0.453,008
35060968,620,244,216,0.2277,008
35060970,1468,861,802,0.3768,008
35060972,3064,1962,1722,0.7829,008
35060973,945,578,534,0.4453,008
35060974,462,246,238,0.4993,008
35060975,903,466,424,0.3406,008
35060976,567,234,224,0.0497,008
35060977,490,248,222,0.1226,008
35060978,694,293,269,0.1366,008
35060979,588,500,453,0.1524,008
35060984,505,205,197,0.0751,008
35060985,459,132,127,0.0783,008
35060986,498,148,144,0.0589,008
35060987,491,190,181,0.0619,008
35060988,696,262,247,0.2543,008
35060989,555,277,262,0.6839,008
35060990,472,151,148,0.0483,008
35060991,602,275,267,0.7929,008
35061001,826,474,435,0.0846,008
35061018,489,263,240,0.1941,008
35061019,421,275,252,0.0533,008
35061020,897,721,661,0.051,008
35061026,375,248,193,0.067,008
35061027,265,184,140,0.0331,008
35061030,519,326,284,0.0746,008
35061031,699,367,349,0.143,008
35061033,518,195,189,0.4217,008
35061034,471,186,177,0.2059,008
35061035,440,156,150,0.1726,008
35061036,634,237,235,0.3816,008
35061039,633,353,336,0.2164,008
35061041,587,454,431,0.0231,008
35061042,604,286,236,0.9606,008
35061043,492,263,238,0.1012,008
35061044,432,211,191,0.1122,008
35061045,469,249,217,0.0997,008
35061046,513,306,234,0.2568,008
35061047,727,305,293,0.3263,008
35061051,506,210,203,0.2061,008
35061053,565,230,219,0.364,008
35061054,421,161,149,0.2563,008
35061055,746,284,283,0.2379,008
35061056,710,224,221,0.1626,008
35061057,194,91,85,0.0632,008
35061067,536,266,233,4.7322,008
35061069,351,134,124,0.0784,008
35061070,586,296,284,0.1946,008
35061071,553,305,281,0.0793,008
35061072,462,204,198,0.1678,008
35061073,566,210,198,0.0717,008
35061074,459,209,207,0.1656,008
35061075,431,386,336,0.0325,008
35061076,475,230,219,0.1086,008
35061077,546,261,257,0.1558,008
35061078,619,225,206,0.9228,008
35061079,493,299,244,0.0627,008
35061080,519,257,217,0.0338,008
35061081,724,343,300,0.0344,008
35061082,485,285,234,0.0417,008
35061083,599,296,276,0.1036,008
35061084,504,273,208,0.0676,008
35061085,394,160,137,0.0698,008
35061086,811,437,406,0.1825,008
35061087,564,263,261,0.1642,008
35061089,667,237,236,0.198,008
35061090,575,179,171,0.4839,008
35061091,461,196,185,0.1931,008
35061092,537,185,180,0.3061,008
35061094,650,263,259,0.1955,008
35061097,433,154,150,0.4521,008
35061098,874,389,377,0.1053,008
35061100,441,164,159,0.1407,008
35061101,348,154,147,0.1572,008
35061102,442,175,170,0.1348,008
35061103,322,139,132,0.1259,008
35061104,1329,554,516,0.2398,008
35061105,703,348,325,0.1658,008
35061106,500,212,208,0.1744,008
35061107,525,182,168,0.0544,008
35061108,329,92,87,0.0444,008
35061113,860,320,315,59.7563,008
35061114,447,174,167,1.4864,008
35061115,439,168,165,7.985,008
35061116,294,114,110,0.7943,008
35061117,626,212,210,3.8712,008
35061118,569,206,203,18.3835,008
35061119,868,295,291,9.1474,008
35061120,352,153,147,4.0126,008
35061121,294,120,114,14.9612,008
35061122,646,228,222,35.2007,008
35061123,644,230,227,24.643,008
35061124,868,327,317,37.7317,008
35061125,288,132,122,15.1558,008
35061126,374,136,132,7.1045,008
35061127,760,274,266,6.1343,008
35061128,458,155,151,2.301,008
35061129,404,159,159,8.4835,008
35061130,596,215,215,4.1723,008
35061131,771,291,286,52.2591,008
35061132,465,179,167,21.5545,008
35061133,794,344,316,103.3754,008
35061134,639,240,239,107.81,008
35061135,662,245,237,46.6259,008
35061136,420,147,145,0.254,008
35061137,450,162,159,8.3478,008
35061138,372,133,133,4.2843,008
35061140,1160,444,435,51.8741,008
35061141,748,277,273,39.7951,008
35061142,311,131,128,16.6063,008
35061143,575,212,207,4.1685,008
35061144,409,171,168,0.498,008
35061145,362,146,146,0.3103,008
35061146,423,184,171,0.3336,008
35061147,1006,429,415,3.1303,008
35061148,1268,410,404,2.3718,008
35061149,790,282,276,1.2332,008
35061150,750,252,252,0.2234,008
35061151,555,180,180,0.1033,008
35061152,349,118,118,0.0533,008
35061153,307,101,101,0.0907,008
35061154,519,190,190,0.1636,008
35061155,436,157,157,0.0718,008
35061156,382,139,139,0.0756,008
35061157,438,137,137,0.086,008
35061158,521,197,194,0.087,008
35061159,705,356,347,0.2841,008
35061160,711,333,280,16.5403,008
35061161,648,260,253,26.2488,008
35061171,409,125,125,0.0845,008
35061174,365,207,195,0.1209,008
35061175,466,244,232,0.1149,008
35061178,575,218,213,0.2345,008
35061179,554,239,224,0.213,008
35061180,532,291,282,0.1173,008
35061181,534,230,225,0.1213,008
35061182,592,337,330,0.0897,008
35061183,518,194,189,0.1746,008
35061184,509,220,219,0.1518,008
35061185,554,236,234,0.1282,008
35061186,508,159,157,0.1478,008
35061188,549,244,228,0.1789,008
35061189,753,523,485,0.2284,008
35061190,1596,1183,1153,0.0871,008
35061191,549,355,333,0.1031,008
35061192,718,390,361,0.4805,008
35061193,610,295,283,0.2987,008
35061194,419,174,166,0.1782,008
35061195,489,223,200,0.1026,008
35061196,477,343,324,0.0562,008
35061197,797,401,382,0.0802,008
35061198,435,182,180,0.2054,008
35061201,1080,570,531,0.2226,008
35061202,257,101,97,0.0833,008
35061203,604,210,209,0.0906,008
35061204,1175,359,340,0.0629,008
35061208,553,216,213,0.4211,008
35061209,408,160,160,0.1368,008
35061210,440,167,166,0.216,008
35061213,555,207,207,0.1286,008
35061214,560,235,235,0.2451,008
35061215,297,107,107,0.1276,008
35061222,1158,519,315,0.4389,008
35061225,504,350,200,0.0588,008
35061227,365,152,148,0.2464,008
35061228,469,175,172,0.1329,008
35061229,563,205,205,0.223,008
35061230,417,161,160,0.1376,008
35061231,808,333,324,0.1188,008
35061232,526,206,201,0.2133,008
35061233,368,140,137,0.08,008
35061234,398,154,148,0.122,008
35061235,691,298,288,0.2427,008
35061236,1058,400,393,0.1855,008
35061237,261,97,97,0.0801,008
35061238,455,162,161,0.1359,008
35061239,526,199,194,0.1661,008
35061240,892,337,336,0.3691,008
35061241,236,87,87,0.0652,008
35061242,390,154,154,0.1499,008
35061243,578,238,229,0.1238,008
35061247,984,495,476,0.2994,008
35061248,970,327,318,0.8947,008
35061249,1092,416,397,0.7614,008
35061250,1359,479,417,0.0686,008
35061251,659,287,274,0.168,008
35061252,1453,1093,882,0.3779,008
35061253,986,657,610,0.069,008
35061254,969,386,371,0.0835,008
35061256,752,524,477,0.1851,008
35061257,1380,852,820,0.3758,008
35061261,940,609,565,0.104,008
35061263,807,471,389,0.1208,008
35061264,1185,423,420,0.2984,008
35061266,1342,516,512,0.3626,008
35061267,497,216,205,0.1191,008
35061268,1372,516,510,0.6576,008
35061269,1131,489,471,0.2014,008
35061270,1109,441,426,0.2427,008
35061271,1071,476,470,0.3265,008
35061272,1182,414,414,0.3342,008
35061273,1200,460,460,0.4597,008
35061279,1491,925,906,0.2488,008
35061280,1014,469,436,0.313,008
35061281,1208,720,713,0.0787,008
35061282,1737,773,744,0.2778,008
35061284,1199,636,583,0.2434,008
35061285,840,143,133,0.1064,008
35061286,1128,423,423,0.3025,008
35061287,1045,470,450,0.4192,008
35061288,523,190,187,0.2085,008
35061289,613,259,217,0.1238,008
35061290,475,176,176,0.1438,008
35061291,515,216,211,0.2103,008
35061292,538,250,234,0.1411,008
35061293,573,301,282,1.4848,008
35061294,525,192,190,0.1752,008
35061295,424,172,168,0.1438,008
35061296,806,260,260,0.2476,008
35061297,450,171,171,0.0654,008
35061298,786,318,312,1.1332,008
35061299,1038,492,462,0.6387,008
35061300,320,247,176,0.0403,008
35061301,555,289,255,0.0268,008
35061302,268,100,97,0.0336,008
35061303,807,336,323,0.1181,008
35061304,806,263,263,0.5041,008
35061305,368,111,111,0.096,008
35061306,303,94,94,0.0997,008
35061307,502,236,227,0.1601,008
35061308,1259,655,625,0.908,008
35061309,432,139,139,0.1135,008
35061310,735,247,247,0.233,008
35061311,1270,382,377,0.2828,008
35061312,562,211,211,0.1561,008
35061313,431,148,148,0.0634,008
35061314,625,213,213,0.1957,008
35061315,761,229,225,0.7038,008
35061316,367,118,117,0.0822,008
35061317,465,130,126,0.1963,008
35061318,200,57,56,0.0449,008
35061319,690,476,445,0.1536,008
35061320,665,278,262,0.0541,008
35061321,289,171,148,0.0203,008
35061322,1498,954,867,0.1556,008
35061323,697,254,250,0.4034,008
35061325,1645,641,566,4.1036,008
35061326,457,155,155,0.1345,008
35061327,401,123,122,0.0913,008
35061328,543,173,173,0.108,008
35061329,509,144,143,0.1445,008
35061331,385,150,150,0.1001,008
35061332,471,159,159,0.1017,008
35061333,736,322,312,1.6122,008
35061334,314,127,125,0.1021,008
35061335,395,168,164,0.1918,008
35061336,658,310,292,0.0726,008
35061337,996,497,478,0.0336,008
35061338,598,340,300,0.6954,008
35061339,109,57,56,1.4789,008
35061340,996,371,353,0.2513,008
35061341,581,331,310,2.8635,008
35061342,0,0,0,0.1797,008
35061343,466,250,222,0.0718,008
35061344,254,64,62,0.0224,008
35061345,345,159,150,0.0345,008
35061346,495,233,224,0.0686,008
35061347,257,56,51,0.0683,008
35061348,359,132,128,0.0806,008
35061349,351,153,151,0.0598,008
35061350,561,250,246,0.1131,008
35061351,621,231,222,0.1766,008
35061352,415,174,167,0.1246,008
35061354,426,178,164,0.0813,008
35061355,345,131,128,0.0729,008
35061356,505,189,183,0.1255,008
35061357,610,179,175,0.1128,008
35061358,820,305,299,0.3556,008
35061361,363,129,120,0.3249,008
35061362,1646,592,466,0.1297,008
35061363,241,75,73,0.0537,008
35061364,385,116,111,0.0631,008
35061365,352,115,115,0.0454,008
35061366,734,364,353,0.2741,008
35061367,517,282,229,1.9095,008
35061368,367,159,151,1.3579,008
35061369,654,338,262,1.0994,008
35061370,375,157,146,0.8008,008
35061371,1205,572,483,19.8462,008
35061372,401,183,171,0.3943,008
35061373,449,163,161,5.2193,008
35061374,606,225,221,5.3462,008
35061375,582,185,183,12.6679,008
35061376,538,211,203,25.4615,008
35061377,473,175,166,10.675,008
35061378,892,278,271,18.9361,008
35061379,1041,335,333,6.2009,008
35061380,901,339,338,1.8418,008
35061381,780,303,296,15.8196,008
35061382,665,238,230,16.4729,008
35061383,638,192,191,10.3893,008
35061384,526,167,164,3.7946,008
35061385,511,171,171,19.1561,008
35061386,671,259,248,47.1377,008
35061387,3199,1261,1151,0.6835,008
35061388,2576,1045,978,0.2215,008
35061389,1423,583,560,0.1873,008
35061390,294,174,163,0.1203,008
35061391,5,1,1,16.9782,008
35061392,2087,687,671,0.9487,008
35061393,328,112,112,0.0626,008
35061394,526,175,174,0.0718,008
35061395,494,162,160,0.0834,008
35061396,429,143,140,0.0587,008
35061397,1224,425,409,0.3209,008
35061398,394,149,149,0.1344,008
35061399,251,78,78,0.0394,008
35061400,534,179,179,0.0874,008
35061401,491,159,159,0.1069,008
35061402,1158,417,408,0.5601,008
35061403,757,224,219,0.1025,008
35061404,736,198,197,0.1045,008
35061406,789,242,233,0.0937,008
35061410,650,194,194,0.144,008
35061411,1297,425,419,0.2375,008
35061412,541,184,180,0.1002,008
35061413,448,171,169,0.0724,008
35061414,666,225,225,0.1032,008
35061415,604,192,191,0.185,008
35061416,524,169,169,0.077,008
35061417,479,141,140,0.0888,008
35061418,617,157,157,0.095,008
35061419,569,172,171,0.1065,008
35061420,450,170,170,0.0793,008
35061421,507,164,163,0.092,008
35061422,583,176,176,0.0801,008
35061423,501,177,175,0.1152,008
35061424,542,170,169,0.1632,008
35061426,606,173,172,2.7428,008
35061427,513,138,138,0.0992,008
35061428,370,115,114,0.076,008
35061432,2330,873,851,14.4912,008
35061442,553,222,209,23.8549,008
35061443,1089,367,355,4.3557,008
35061444,1517,535,526,3.0197,008
35061445,363,124,124,0.3894,008
35061446,1406,464,454,8.6307,008
35061447,1816,591,583,6.5608,008
35061448,1091,389,381,17.0738,008
35061449,344,123,123,0.4622,008
35061450,615,227,224,3.4221,008
35061451,465,156,155,1.0041,008
35061452,355,139,133,0.4225,008
35061453,579,222,218,16.8119,008
35061454,833,284,279,12.694,008
35061455,430,167,167,8.2345,008
35061456,431,141,141,0.4392,008
35061457,427,185,184,0.4754,008
35061458,611,216,215,4.7635,008
35061459,657,235,230,15.2488,008
35061460,599,194,189,35.6208,008
35061461,455,163,160,28.6629,008
35061462,616,230,224,18.6025,008
35061463,571,202,202,40.4537,008
35061464,374,122,120,0.3588,008
35061465,331,127,126,0.3411,008
35061466,464,179,178,0.6089,008
35061467,387,132,132,0.4187,008
35061468,416,143,139,4.7296,008
35061469,407,156,151,1.7946,008
35061470,425,159,156,3.2188,008
35061471,479,187,180,2.7239,008
35061472,386,161,144,18.594,008
35061473,582,215,210,28.9634,008
35061474,753,220,212,15.3946,008
35061475,856,279,272,5.008,008
35061476,720,303,279,5.3415,008
35061477,452,155,150,23.8865,008
35061478,539,196,188,22.3846,008
35061479,444,188,181,22.1263,008
35061480,460,186,180,22.7142,008
35061481,581,241,239,12.2549,008
35061482,593,222,211,42.1629,008
35061483,597,262,244,20.2306,008
35061484,8865,2785,2698,17.3464,008
35061486,691,214,211,4.3164,008
35061487,913,436,424,1.0817,008
35061488,468,200,197,0.0994,008
35061493,2579,947,911,0.4985,008
35061494,574,170,169,0.1521,008
35061495,679,214,212,0.0826,008
35061496,2039,889,873,22.3988,008
35061497,516,178,178,10.2077,008
35061498,589,211,211,15.5221,008
35061499,487,173,172,18.094,008
35061500,604,202,201,30.6455,008
35061501,556,208,205,40.6618,008
35061502,785,272,268,23.155,008
35061503,642,214,214,26.4913,008
35061504,555,209,206,33.3051,008
35061505,445,163,159,17.3402,008
35061506,509,184,182,13.239,008
35061507,437,164,160,20.4746,008
35061508,427,227,179,12.6333,008
35061509,258,174,162,0.0165,008
35061510,742,337,316,0.0227,008
35061511,336,109,101,0.1669,008
35061512,536,315,263,0.1755,008
35061514,1804,1189,909,0.2732,008
35061518,380,217,196,0.0591,008
35061519,563,282,247,0.1106,008
35061520,1540,454,437,1.7018,008
35061521,434,128,124,0.0881,008
35061522,1198,379,373,0.3066,008
35061523,296,112,111,0.0418,008
35061524,1485,543,537,0.2901,008
35061525,537,211,210,0.1833,008
35061526,494,195,192,0.0887,008
35061530,1324,755,686,0.0639,008
35061531,939,384,354,0.6612,008
35061533,811,317,305,0.2248,008
35061534,1833,919,887,0.1072,008
35061535,527,134,134,0.046,008
35061536,924,289,280,1.081,008
35061537,241,76,71,0.0233,008
35061538,591,202,198,0.1664,008
35061539,544,199,197,0.1714,008
35061540,803,256,256,0.2311,008
35061541,739,309,305,0.3699,008
35061542,1052,400,398,0.2705,008
35061543,664,203,203,0.4103,008
35061544,1323,537,533,0.5344,008
35061545,443,192,191,0.1521,008
35061546,1417,439,437,0.2175,008
35061547,1790,720,711,0.5824,008
35061548,1339,588,558,0.2989,008
35061549,633,228,219,0.1057,008
35061550,489,314,289,0.1267,008
35061551,699,265,261,0.0862,008
35061552,728,293,288,0.2935,008
35061553,1015,454,445,0.8472,008
35061554,661,253,252,2.6253,008
35061555,1716,478,474,0.7224,008
35061556,3445,1141,1087,2.7823,008
35061557,469,185,181,0.1634,008
35061558,1299,439,431,0.2311,008
35061559,494,124,122,0.473,008
35061560,497,145,140,0.214,008
35061561,899,287,284,0.1379,008
35061562,1108,440,420,0.2057,008
35061563,532,170,170,0.0852,008
35061564,1125,384,374,0.1784,008
35061565,701,322,299,0.1023,008
35061566,1189,572,527,0.2657,008
35061567,686,224,223,0.4367,008
35061568,3679,1099,1083,5.1359,008
35061569,828,239,236,0.1852,008
35061570,363,100,100,0.1103,008
35061571,733,305,303,0.2121,008
35061572,2369,808,796,5.5211,008
35061573,590,205,201,0.1865,008
35061574,897,400,377,0.1586,008
35061575,743,278,275,0.2616,008
35061576,548,190,187,0.398,008
35061577,555,189,189,0.4146,008
35061578,1513,1125,802,1.0946,008
35061579,1039,556,539,0.1828,008
35061580,782,298,292,0.1585,008
35061581,692,223,222,0.2826,008
35061582,980,376,369,0.6683,008
35061583,927,311,310,0.4544,008
35061584,970,346,327,1.3202,008
35061585,560,149,147,0.1691,008
35061586,524,206,206,0.1596,008
35061587,991,382,381,0.4388,008
35061588,959,326,323,0.3617,008
35061589,960,319,317,0.2183,008
35061590,498,141,139,0.1174,008
35061591,1830,596,594,0.3444,008
35061592,1345,437,436,0.2312,008
35061593,1783,692,653,0.4714,008
35061595,439,155,154,0.1356,008
35061596,611,187,186,0.1096,008
35061597,543,134,134,0.0755,008
35061598,269,68,67,0.0422,008
35061599,438,148,145,0.0607,008
35061601,650,211,211,0.0833,008
35061602,509,340,288,0.0625,008
35061604,692,333,314,0.0715,008
35061605,910,594,477,0.2614,008
35061607,602,319,266,0.1019,008
35061608,520,266,250,0.1691,008
35061610,411,218,199,0.1336,008
35061611,387,178,164,0.0944,008
35061613,705,381,351,0.4024,008
35061614,512,187,177,0.1157,008
35061616,723,373,346,0.1967,008
35061621,464,217,196,0.122,008
35061622,690,368,334,0.1549,008
35061623,501,205,197,0.1041,008
35061627,517,228,211,0.1861,008
35061628,540,211,206,0.1119,008
35061633,575,221,213,0.5706,008
35061634,388,156,147,0.2072,008
35061638,580,259,254,0.2136,008
35061639,934,573,466,0.2284,008
35061640,552,268,248,0.3459,008
35061643,393,175,166,0.3912,008
35061645,667,328,299,0.1546,008
35061646,520,175,165,0.1795,008
35061651,680,149,141,0.0564,008
35061653,542,291,257,0.0616,008
35061654,563,253,228,0.0772,008
35061657,681,285,265,3.3346,008
35061658,682,309,292,0.1914,008
35061659,1436,552,538,2.363,008
35061660,505,155,155,0.1253,008
35061661,641,225,225,0.1839,008
35061662,1591,479,474,0.7326,008
35061663,1431,480,479,0.2682,008
35061664,396,143,142,0.4024,008
35061667,280,136,132,1.381,008
35061668,774,297,282,0.6122,008
35061670,455,123,118,0.7026,008
35061671,714,222,219,0.1168,008
35061672,535,152,148,0.0851,008
35061673,741,233,230,0.141,008
35061674,513,154,154,0.0975,008
35061677,16747,5593,5440,13.9032,008
35061679,715,236,228,3.4419,008
35061680,828,297,281,59.5327,008
35061683,420,141,128,0.0796,008
35061690,739,256,245,0.4179,008
35061691,478,178,177,0.1097,008
35061692,529,180,178,0.2359,008
35061693,576,212,206,0.1862,008
35061695,473,192,187,0.1448,008
35061696,472,187,179,0.191,008
35061699,531,237,219,0.3207,008
35061700,509,234,211,0.3076,008
35061701,460,182,178,0.1257,008
35061702,915,376,358,0.4188,008
35061703,932,633,618,0.0338,008
35061705,889,653,608,0.0304,008
35061708,837,580,507,0.1161,008
35061709,1387,1022,896,0.1051,008
35061710,622,557,467,0.0534,008
35061711,832,778,585,0.0461,008
35061712,666,502,463,0.0316,008
35061713,529,464,418,0.0302,008
35061714,670,463,437,0.0596,008
35061715,523,456,382,0.0606,008
35061716,623,430,397,0.0499,008
35061717,1251,675,625,0.1329,008
35061718,608,438,393,0.051,008
35061722,848,549,465,0.2703,008
35061723,391,232,207,0.1321,008
35061724,914,626,604,0.0683,008
35061725,592,367,316,0.172,008
35061726,498,334,310,0.1125,008
35061727,858,525,425,0.0918,008
35061728,569,354,329,0.0596,008
35061729,586,409,389,0.0798,008
35061730,542,346,323,0.0549,008
35061732,608,236,230,3.6422,008
35061733,912,263,262,1.5466,008
35061736,530,203,200,0.0842,008
35061737,804,265,264,0.223,008
35061738,882,267,267,0.3063,008
35061739,672,248,248,0.2051,008
35061740,747,240,236,0.4061,008
35061741,983,345,345,0.2602,008
35061742,781,229,227,0.2414,008
35061743,604,262,262,0.2071,008
35061744,1016,379,364,0.4283,008
35061745,792,255,251,0.1286,008
35061746,816,285,282,0.1139,008
35061747,802,318,316,0.1742,008
35061749,677,353,329,0.1531,008
35061750,667,279,266,0.1455,008
35061751,737,274,264,0.1656,008
35061752,844,352,338,0.1805,008
35061753,620,234,232,0.1444,008
35061754,815,367,353,0.1295,008
35061755,746,339,325,0.1393,008
35061756,1393,427,423,6.1685,008
35061760,888,459,429,0.1602,008
35061761,409,252,216,0.0984,008
35061762,741,556,471,0.1275,008
35061763,527,369,317,0.2822,008
35061764,495,341,291,0.0432,008
35061765,478,374,306,0.0543,008
35061766,682,501,482,0.2199,008
35061767,523,332,283,0.0743,008
35061768,510,199,182,0.0833,008
35061769,353,200,182,0.0751,008
35061770,621,323,272,0.0794,008
35061771,519,270,222,0.0655,008
35061772,615,317,282,0.0746,008
35061773,459,240,218,0.0697,008
35061774,694,467,443,0.0547,008
35061778,403,279,149,0.0662,008
35061779,477,296,196,0.0879,008
35061780,618,334,257,0.1929,008
35061781,460,380,277,0.054,008
35061782,352,291,220,0.0401,008
35061783,330,234,184,0.0505,008
35061784,514,547,339,0.0547,008
35061785,763,531,426,0.0789,008
35061786,624,527,406,0.0383,008
35061787,652,528,399,0.0669,008
35061788,431,369,269,0.3476,008
35061789,505,446,342,0.0696,008
35061790,788,547,438,0.063,008
35061791,834,548,392,0.0279,008
35061792,450,407,324,0.0405,008
35061793,1206,1156,818,0.0962,008
35061794,327,203,189,0.0595,008
35061795,733,560,413,0.03,008
35061796,734,554,487,0.1106,008
35061797,522,387,357,0.0721,008
35061798,546,287,261,0.0649,008
35061799,442,323,244,0.0635,008
35061800,458,276,241,0.0708,008
35061801,647,391,347,0.0488,008
35061802,574,234,216,0.1158,008
35061803,767,320,301,0.1584,008
35061804,513,165,165,1.8713,008
35061806,760,215,210,0.2775,008
35061807,1408,383,381,0.2688,008
35061808,1066,299,298,0.2416,008
35061809,661,220,219,0.1286,008
35061810,496,208,208,0.2327,008
35061811,1358,408,406,0.2553,008
35061812,923,273,273,0.2104,008
35061813,1982,655,655,0.8663,008
35061815,1016,287,283,0.1421,008
35061816,637,200,200,0.1473,008
35061817,909,299,296,0.253,008
35061818,875,306,305,4.0177,008
35061820,448,192,189,1.7067,008
35061821,472,218,210,0.2145,008
35061822,409,159,153,0.1442,008
35061823,327,136,126,0.1071,008
35061824,698,272,264,0.2983,008
35061826,519,220,215,0.1587,008
35061827,418,151,143,0.1666,008
35061828,566,242,232,0.1848,008
35061829,1016,196,168,0.9164,008
35061831,629,257,236,0.2725,008
35061832,616,302,253,0.2926,008
35061833,314,112,108,0.2191,008
35061834,698,219,212,0.3761,008
35061835,631,249,241,0.3475,008
35061837,617,262,254,0.2177,008
35061838,487,220,213,0.1685,008
35061839,537,221,217,0.446,008
35061840,429,151,147,0.6624,008
35061841,9778,3226,3164,4.949,008
35061842,621,184,181,0.2821,008
35061843,1226,406,405,0.2018,008
35061844,705,236,235,0.1832,008
35061845,647,233,232,0.1267,008
35061846,785,244,239,0.2344,008
35061847,553,168,162,0.1232,008
35061848,750,248,248,0.1647,008
35061849,417,158,158,0.1476,008
35061851,1008,320,320,0.5597,008
35061852,625,196,196,0.7288,008
35061853,447,138,137,26.2123,008
35061854,900,271,268,0.3534,008
35061855,667,219,216,0.3441,008
35061856,805,248,247,0.5009,008
35061857,1420,428,423,0.5522,008
35061858,887,286,285,0.6078,008
35061859,3321,1066,1061,7.2298,008
35061860,886,316,305,58.6741,008
35061862,1583,903,860,0.6577,008
35061863,824,459,425,0.1457,008
35061864,1162,713,638,0.3009,008
35061865,440,164,161,0.13,008
35061866,445,240,229,0.0419,008
35061867,126,94,91,0.0097,008
35061868,268,106,101,0.0775,008
35061869,533,198,191,0.1513,008
35061870,589,266,258,0.1371,008
35061871,569,307,296,0.0977,008
35061872,637,269,263,0.5034,008
35061873,557,220,212,0.8964,008
35061874,447,181,178,1.1204,008
35061875,0,0,0,2.5165,008
35061877,787,256,256,0.3346,008
35061878,635,258,257,0.2062,008
35061880,1121,388,385,0.1729,008
35061881,854,288,285,0.113,008
35061882,627,172,172,0.1136,008
35061883,555,179,175,0.1111,008
35061884,738,223,222,0.1982,008
35061885,711,200,199,0.1708,008
35061886,1042,345,344,0.2042,008
35061887,768,212,212,0.2148,008
35061888,711,230,230,0.1708,008
35061889,832,313,313,0.5374,008
35061890,602,195,195,0.2492,008
35061891,787,231,231,0.2659,008
35061892,957,359,357,0.1302,008
35061893,3354,1080,1079,2.757,008
35061894,684,289,271,0.2614,008
35061895,2563,1009,998,4.4182,008
35061896,2501,749,749,1.79,008
35061897,500,135,135,0.0682,008
35061898,689,215,215,0.1023,008
35061899,1078,389,387,0.2141,008
35061900,451,190,190,0.2284,008
35061901,596,254,254,0.1779,008
